-- Seed data (realistic): brands, categories, cities, models

INSERT INTO brands ("Id", "Name", "Slug", "IsActive") VALUES
('10000000-0000-0000-0000-000000000001','Toyota','toyota',true),
('10000000-0000-0000-0000-000000000002','Nissan','nissan',true),
('10000000-0000-0000-0000-000000000003','Hyundai','hyundai',true),
('10000000-0000-0000-0000-000000000004','Kia','kia',true),
('10000000-0000-0000-0000-000000000005','Mazda','mazda',true),
('10000000-0000-0000-0000-000000000006','Mitsubishi','mitsubishi',true),
('10000000-0000-0000-0000-000000000007','Suzuki','suzuki',true),
('10000000-0000-0000-0000-000000000008','Honda','honda',true),
('10000000-0000-0000-0000-000000000009','Ford','ford',true),
('10000000-0000-0000-0000-000000000010','Chevrolet','chevrolet',true),
('10000000-0000-0000-0000-000000000011','Volkswagen','volkswagen',true),
('10000000-0000-0000-0000-000000000012','Renault','renault',true),
('10000000-0000-0000-0000-000000000013','Peugeot','peugeot',true),
('10000000-0000-0000-0000-000000000014','Dacia','dacia',true),
('10000000-0000-0000-0000-000000000015','Mercedes-Benz','mercedes-benz',true),
('10000000-0000-0000-0000-000000000016','BMW','bmw',true),
('10000000-0000-0000-0000-000000000017','Audi','audi',true),
('10000000-0000-0000-0000-000000000018','Isuzu','isuzu',true),
('10000000-0000-0000-0000-000000000019','Subaru','subaru',true),
('10000000-0000-0000-0000-000000000020','Land Rover','land-rover',true);

INSERT INTO categories ("Id", "Name", "Slug", "IsActive") VALUES
('20000000-0000-0000-0000-000000000001','Citadine','citadine',true),
('20000000-0000-0000-0000-000000000002','Berline','berline',true),
('20000000-0000-0000-0000-000000000003','Break','break',true),
('20000000-0000-0000-0000-000000000004','SUV compact','suv-compact',true),
('20000000-0000-0000-0000-000000000005','SUV','suv',true),
('20000000-0000-0000-0000-000000000006','4x4','4x4',true),
('20000000-0000-0000-0000-000000000007','Pickup simple cabine','pickup-simple-cabine',true),
('20000000-0000-0000-0000-000000000008','Pickup double cabine','pickup-double-cabine',true),
('20000000-0000-0000-0000-000000000009','Utilitaire','utilitaire',true),
('20000000-0000-0000-0000-000000000010','Fourgon','fourgon',true),
('20000000-0000-0000-0000-000000000011','Minibus','minibus',true),
('20000000-0000-0000-0000-000000000012','Monospace','monospace',true),
('20000000-0000-0000-0000-000000000013','Crossover','crossover',true),
('20000000-0000-0000-0000-000000000014','Coupe','coupe',true),
('20000000-0000-0000-0000-000000000015','Cabriolet','cabriolet',true),
('20000000-0000-0000-0000-000000000016','Camion leger','camion-leger',true),
('20000000-0000-0000-0000-000000000017','Camion','camion',true),
('20000000-0000-0000-0000-000000000018','Bus','bus',true),
('20000000-0000-0000-0000-000000000019','Moto utilitaire','moto-utilitaire',true),
('20000000-0000-0000-0000-000000000020','Vehicule electrique','vehicule-electrique',true);

INSERT INTO cities ("Id", "Name", "Slug", "Province", "IsActive") VALUES
('30000000-0000-0000-0000-000000000001','Antananarivo','antananarivo','Analamanga',true),
('30000000-0000-0000-0000-000000000002','Toamasina','toamasina','Atsinanana',true),
('30000000-0000-0000-0000-000000000003','Mahajanga','mahajanga','Boeny',true),
('30000000-0000-0000-0000-000000000004','Fianarantsoa','fianarantsoa','Haute Matsiatra',true),
('30000000-0000-0000-0000-000000000005','Toliara','toliara','Atsimo-Andrefana',true),
('30000000-0000-0000-0000-000000000006','Antsiranana','antsiranana','Diana',true),
('30000000-0000-0000-0000-000000000007','Antsirabe','antsirabe','Vakinankaratra',true),
('30000000-0000-0000-0000-000000000008','Nosy Be','nosy-be','Diana',true),
('30000000-0000-0000-0000-000000000009','Morondava','morondava','Menabe',true),
('30000000-0000-0000-0000-000000000010','Sambava','sambava','Sava',true),
('30000000-0000-0000-0000-000000000011','Manakara','manakara','Fitovinany',true),
('30000000-0000-0000-0000-000000000012','Mananjary','mananjary','Vatovavy',true),
('30000000-0000-0000-0000-000000000013','Farafangana','farafangana','Atsimo-Atsinanana',true),
('30000000-0000-0000-0000-000000000014','Ambatondrazaka','ambatondrazaka','Alaotra-Mangoro',true),
('30000000-0000-0000-0000-000000000015','Moramanga','moramanga','Alaotra-Mangoro',true),
('30000000-0000-0000-0000-000000000016','Mahanoro','mahanoro','Atsinanana',true),
('30000000-0000-0000-0000-000000000017','Ihosy','ihosy','Ihorombe',true),
('30000000-0000-0000-0000-000000000018','Taolagnaro','taolagnaro','Anosy',true),
('30000000-0000-0000-0000-000000000019','Maevatanana','maevatanana','Betsiboka',true),
('30000000-0000-0000-0000-000000000020','Ambanja','ambanja','Diana',true);

INSERT INTO models ("Id", "BrandId", "Name", "Slug", "IsActive") VALUES
('50000000-0000-0000-0000-000000000001','10000000-0000-0000-0000-000000000001','Hilux','hilux',true),
('50000000-0000-0000-0000-000000000002','10000000-0000-0000-0000-000000000002','Navara','navara',true),
('50000000-0000-0000-0000-000000000003','10000000-0000-0000-0000-000000000003','Tucson','tucson',true),
('50000000-0000-0000-0000-000000000004','10000000-0000-0000-0000-000000000004','Sportage','sportage',true),
('50000000-0000-0000-0000-000000000005','10000000-0000-0000-0000-000000000005','BT-50','bt-50',true),
('50000000-0000-0000-0000-000000000006','10000000-0000-0000-0000-000000000006','L200','l200',true),
('50000000-0000-0000-0000-000000000007','10000000-0000-0000-0000-000000000007','Jimny','jimny',true),
('50000000-0000-0000-0000-000000000008','10000000-0000-0000-0000-000000000008','CR-V','cr-v',true),
('50000000-0000-0000-0000-000000000009','10000000-0000-0000-0000-000000000009','Ranger','ranger',true),
('50000000-0000-0000-0000-000000000010','10000000-0000-0000-0000-000000000010','Trailblazer','trailblazer',true),
('50000000-0000-0000-0000-000000000011','10000000-0000-0000-0000-000000000011','Amarok','amarok',true),
('50000000-0000-0000-0000-000000000012','10000000-0000-0000-0000-000000000012','Duster','duster-renault',true),
('50000000-0000-0000-0000-000000000013','10000000-0000-0000-0000-000000000013','3008','3008',true),
('50000000-0000-0000-0000-000000000014','10000000-0000-0000-0000-000000000014','Duster','duster-dacia',true),
('50000000-0000-0000-0000-000000000015','10000000-0000-0000-0000-000000000015','GLC','glc',true),
('50000000-0000-0000-0000-000000000016','10000000-0000-0000-0000-000000000016','X3','x3',true),
('50000000-0000-0000-0000-000000000017','10000000-0000-0000-0000-000000000017','Q5','q5',true),
('50000000-0000-0000-0000-000000000018','10000000-0000-0000-0000-000000000018','D-Max','d-max',true),
('50000000-0000-0000-0000-000000000019','10000000-0000-0000-0000-000000000019','Forester','forester',true),
('50000000-0000-0000-0000-000000000020','10000000-0000-0000-0000-000000000020','Defender','defender',true);
